Date,Jan 20,Feb 20,Mar 20,Apr 20,May 20,Jun 20,Jul 20,Aug 20,Sep 20,Oct 20,Nov 20,Dec 20,Jan 21,Feb 21,Mar 21,Apr 21,May 21,Jun 21,Jul 21,Aug 21,Sep 21,Oct 21,Nov 21,Dec 21,Jan 22,Feb 22,Mar 22,Apr 22,May 22,Jun 22,Jul 22,Aug 22,Sep 22,Oct 22,Nov 22,Dec 22,Jan 23
Afghanistan,0,0,0,0,0,0,0,0,0,0,0,0,0,25,0,0,0,0,0,0,83,0,0,0,0,0,0,0,0,0,0,0,17,0,0,0,0
Albania,0,0,0,0,0,0,0,0,0,0,0,0,1,0,29,0,0,0,12,0,0,0,0,10,3,0,0,2,1,0,0,0,0,0,0,0,0
Algeria,0,0,2,1,0,0,0,0,0,0,0,0,15,4,7,0,0,0,0,29,3,17,0,6,7,0,76,97,7,41,17,59,10,76,198,58,22
American Samoa,0,0,0,0,0,0,0,0,0,0,0,0,0,0,0,0,0,0,0,0,0,0,0,0,5,5,14,15,23,10,0,18,21,0,0,0,0
Andorra,0,0,0,0,0,0,0,0,1,0,0,0,0,0,0,0,0,0,0,21,3,6,4,15,26,52,18,41,26,0,60,52,18,4,11,28,7
Angola,0,0,0,0,0,0,0,0,0,0,0,0,0,0,71,118,0,533,62,63,98,0,110,0,93,19,35,3,0,78,0,0,0,0,0,42,11
Anguilla,0,0,0,0,0,0,0,0,0,0,0,0,0,0,0,0,0,5,0,3,3,1,0,19,30,8,1,7,1,7,0,16,0,0,0,5,3
Antigua and Barbuda,0,0,0,0,0,0,0,0,0,0,0,0,1,0,0,0,0,10,7,27,17,5,18,16,66,14,2,4,2,30,0,20,0,0,0,1,0
Argentina,0,0,0,29,0,8,1,0,0,0,12,0,611,56,1549,66,832,1059,148,1133,2041,2448,1152,2074,3336,646,1124,258,461,406,730,568,739,375,67,462,254
Armenia,0,0,0,0,0,0,0,0,0,0,0,3,0,0,12,24,45,0,0,59,0,0,0,0,51,0,0,0,0,0,1,0,0,0,0,0,0
Aruba,0,0,0,0,0,0,0,0,5,0,6,0,8,202,236,296,216,206,104,386,777,355,70,139,144,0,7,10,86,59,85,116,147,56,110,62,91
Australia,1,7,63,1239,341,388,608,4415,4786,2395,1947,394,690,246,229,233,315,365,845,6251,4738,8219,4871,7382,11191,10279,11978,15221,12977,10960,11728,10162,7495,8031,10250,8245,4151
Austria,0,0,0,21,229,174,1,0,0,336,1,0,582,710,688,22070,1493,1120,17143,5878,7720,6053,6380,6669,1813,14562,12737,10893,10932,13514,12572,17922,13954,11744,10907,10007,20086
Azerbaijan,0,0,0,0,0,0,0,0,0,0,0,0,8,0,1,0,4,0,2,0,0,0,0,0,140,0,0,0,0,0,0,0,0,0,40,0,0
Bahrain,0,0,0,0,0,0,37,0,0,0,51,67,0,24,49,68,9,57,246,370,538,838,766,874,912,995,1430,1051,1068,92,278,484,0,0,0,0,0
Bangladesh,0,0,0,0,33,140,194,48,9,116,21,47,254,76,79,454,200,189,189,422,329,196,218,621,506,399,459,1127,592,73,230,21,165,73,133,47,27
Barbados,0,0,0,0,0,0,0,0,0,0,0,0,0,5,0,0,0,23,12,29,9,0,0,23,13,0,0,0,11,15,0,44,28,10,0,12,8
Belarus,0,0,0,2,1,0,0,0,0,0,0,7,25,1,4,2,4,4,1,0,0,0,1,3,109,189,83,90,0,0,0,0,0,0,0,0,0
Belgium,0,1,108,323,84,374,62,29,146,105,328,1378,814,3622,5110,4756,5708,6479,6336,4723,8114,12403,6563,8902,6465,9271,8750,8367,6555,16078,7880,16941,4853,4008,2340,1871,1194
Belize,0,0,0,0,0,0,0,4,0,0,0,0,0,0,0,0,48,0,0,0,126,81,62,0,62,243,0,67,0,0,186,78,0,73,0,0,0
Benin,0,0,0,0,0,12,0,0,0,0,0,0,0,0,0,0,0,0,68,0,202,0,0,498,0,17,0,82,0,0,1,388,43,0,0,0,0
Bermuda,0,0,0,0,0,0,0,0,0,0,0,0,30,0,0,0,0,10,0,0,0,0,0,45,44,0,0,5,0,0,0,0,99,0,9,0,16
Bolivia,0,0,0,0,0,0,0,0,0,0,0,0,27,0,12,0,11,10,6,0,0,86,3,0,94,0,11,12,8,0,65,0,6,0,0,0,0
Bonaire,0,0,0,0,0,0,0,0,0,0,0,0,0,0,85,86,0,12,32,53,110,146,175,164,273,113,51,68,124,39,101,59,78,53,56,63,78
Bosnia and Herzegovina,0,0,0,0,0,31,0,0,0,0,0,2,0,36,21,9,2,3,72,7,24,108,274,486,331,23,61,0,0,0,23,0,0,0,0,0,0
Botswana,0,0,0,0,0,0,0,0,6,0,0,0,7,50,9,123,25,215,302,92,271,376,158,572,835,65,237,129,69,308,511,118,89,9,386,227,42
Brazil,0,1,35,57,2,533,79,183,112,115,94,615,631,971,1194,1975,6367,7263,5765,7077,11595,20389,12594,15221,12898,11628,11236,10281,8199,10114,10465,8488,6571,5814,4007,12299,5969
British Virgin Islands,0,0,0,0,0,0,0,0,0,0,0,0,0,6,0,0,0,6,0,22,0,0,4,43,97,0,0,0,0,17,0,0,0,0,0,3,0
Brunei,0,0,0,0,5,0,0,0,0,0,0,0,0,2,3,0,0,0,0,28,0,0,0,298,151,249,879,256,80,452,200,417,527,430,89,708,174
Bulgaria,0,0,0,0,0,0,15,0,0,0,0,0,0,0,916,764,790,595,401,486,678,1333,2135,2143,1935,1195,759,1584,42,2500,0,0,1575,362,244,0,0
Burkina Faso,0,0,0,0,0,0,0,0,0,0,85,0,0,0,9,2,112,56,0,0,160,0,0,183,0,18,0,0,0,33,15,0,0,0,0,0,0
Burundi,0,0,0,0,0,0,0,0,0,0,0,0,0,0,0,0,0,0,9,0,0,54,0,0,0,1,0,0,0,94,0,0,0,0,0,0,0
Cabo Verde,0,0,0,0,0,0,0,0,0,0,0,0,0,0,19,28,0,0,0,0,0,0,0,0,196,1,167,0,0,70,104,71,0,38,61,0,0
Cambodia,0,1,0,0,0,0,0,0,0,0,0,1,2,49,7,82,139,136,214,231,233,236,351,318,218,399,269,173,25,30,196,90,184,72,16,149,55
Cameroon,0,0,0,0,0,0,0,1,0,0,0,0,21,27,60,87,23,14,4,0,3,161,175,0,9,131,0,45,233,203,135,0,0,68,0,0,0
Canada,0,1,127,13,62,790,58,52,1043,1046,124,920,4689,8099,9250,5221,14865,29063,15592,23795,32292,23314,28969,31782,31176,22924,28941,28049,20165,22657,21213,16474,17256,16201,16231,12798,12118
Canary Islands,0,0,0,1,2,15,0,0,64,0,1,0,0,68,23,222,76,0,0,0,164,166,169,16,0,0,0,1099,1,0,5543,0,1,0,0,219,8
Cayman Islands,0,0,0,0,0,0,0,0,0,0,0,0,0,3,0,0,0,7,9,52,2,12,12,0,4,0,0,0,0,0,0,0,0,0,0,0,0
Central African Republic,0,0,0,0,0,0,0,0,0,0,0,0,0,0,0,42,54,11,2,18,0,0,0,0,1,0,46,0,0,0,0,0,0,0,0,0,0
Chad,0,0,0,0,0,0,0,0,0,0,0,0,0,0,0,0,0,0,9,0,0,0,0,0,32,0,17,0,0,0,0,0,0,0,0,0,0
Chile,0,0,7,0,138,23,0,0,0,16,45,386,353,0,491,505,238,1832,1248,2082,1808,3907,3402,1850,2020,1154,1361,479,3446,991,3967,2351,1735,1234,1172,669,1016
China,52,77,236,204,336,50,61,17,7,13,4,32,21,123,14,16,36,25,74,63,2,9,186,33,306,136,200,96,255,46,239,1,2,9,721,589,2744
Colombia,0,0,2,0,83,41,23,0,27,0,21,21,75,232,55,303,452,496,85,935,915,3093,1172,3026,2365,1388,1294,1204,687,1609,2020,1343,548,407,454,1312,646
Comoros,0,0,0,0,0,0,0,0,0,0,0,0,0,0,6,0,0,0,0,0,0,0,11,0,0,0,17,0,0,0,0,0,0,8,0,0,0
Costa Rica,0,0,0,6,0,1,38,24,22,0,0,43,47,86,64,128,144,83,105,257,224,91,312,577,465,371,531,347,501,467,876,881,449,428,419,979,175
Cote d'Ivoire,0,0,0,0,0,0,0,0,0,0,49,16,0,0,33,79,0,0,0,91,0,0,0,8,0,426,0,56,0,0,0,0,0,17,112,2,9
Crimea,0,0,0,1,0,0,0,0,0,0,0,5,0,0,2,0,1,0,23,0,10,1,24,32,22,0,3,0,8,0,3,1,154,80,25,60,0
Croatia,0,0,0,7,13,2,0,0,0,0,0,28,0,129,677,481,414,3198,878,1180,410,1333,3255,2166,5548,6728,3414,1396,1734,682,1238,2069,1782,728,1231,1058,355
Cuba,0,0,0,0,0,0,0,2,0,0,0,0,0,0,0,0,651,0,0,0,396,0,0,38,83,0,0,0,1,350,0,0,79,0,0,0,0
Curacao,0,0,0,0,0,0,0,0,4,0,5,0,0,62,91,147,91,24,58,118,107,114,128,44,138,216,117,86,145,113,89,87,31,71,53,18,38
Cyprus,0,0,0,0,0,8,0,0,0,0,0,0,0,0,125,0,34,0,0,0,1,0,0,594,0,0,0,0,10,0,644,0,0,0,0,0,1759
Czech Republic,0,0,3,26,1,9,10,3,36,27,103,64,332,37,724,1096,942,1413,1237,1232,1500,2724,4366,4733,5943,4838,4158,3830,3275,1256,1703,2949,2573,2524,1699,655,489
Democratic Republic of the Congo,0,0,19,33,81,23,43,66,84,7,7,0,0,11,0,33,12,1,454,0,0,0,0,0,143,369,91,117,94,59,24,75,29,87,52,11,7
Denmark,0,0,9,328,405,0,0,13,0,0,8370,11238,14418,13110,2654,2,51916,13865,16382,24585,13673,15327,40447,55018,48451,52262,63178,47640,18605,18190,15323,16185,14256,16125,14151,13774,8441
Djibouti,0,0,0,0,0,0,0,0,0,0,0,0,0,0,0,0,0,52,87,0,167,0,60,1,0,219,101,0,0,0,29,0,116,0,52,1,0
Dominica,0,0,0,0,0,0,0,0,0,0,0,0,0,0,0,0,0,9,0,0,0,0,0,19,0,2,0,0,0,9,0,0,0,0,0,1,0
Dominican Republic,0,0,0,0,0,0,0,8,0,0,0,0,1,0,11,0,28,32,184,26,37,33,208,0,287,307,0,0,0,0,263,120,258,86,214,409,78
Ecuador,0,0,1,3,0,8,37,14,22,5,13,57,48,65,52,95,204,252,656,428,413,71,1121,213,183,527,670,229,492,319,457,995,358,119,283,430,623
Egypt,0,0,0,2,20,64,30,0,36,6,0,0,251,6,37,1,436,115,2,19,8,20,74,292,459,0,0,0,518,0,0,221,0,314,169,108,0
El Salvador,0,0,0,0,0,0,0,0,0,0,0,6,0,0,0,0,0,0,0,98,0,48,92,65,0,69,0,92,0,0,52,0,98,0,0,0,0
Equatorial Guinea,0,0,0,0,0,0,0,0,0,0,95,0,0,24,0,48,24,0,0,0,16,0,0,0,0,1,5,0,1,0,0,0,0,0,0,0,0
Estonia,0,0,0,4,1,14,0,1,0,0,0,0,0,2,470,971,340,2189,318,481,1088,701,833,649,521,1015,623,523,1073,727,395,264,729,640,344,0,0
Eswatini,0,0,0,0,0,0,0,0,0,0,0,0,0,0,22,0,11,0,0,0,90,0,0,0,0,425,0,0,339,89,0,78,0,0,0,0,0
Ethiopia,0,0,0,0,0,0,0,0,0,0,0,0,0,0,4,0,15,0,6,0,87,163,248,0,0,0,103,1,1,0,0,0,0,0,0,0,0
Faroe Islands,0,0,0,0,0,0,0,0,14,0,23,0,1,0,0,0,4,0,0,0,0,0,0,0,0,0,0,0,0,0,0,0,0,0,0,0,0
Fiji,0,0,0,0,0,0,0,0,0,0,0,0,0,0,0,0,0,0,0,0,0,531,0,0,0,0,0,0,0,0,0,0,0,0,0,0,0
Finland,0,1,39,0,0,0,227,0,0,0,0,166,721,452,767,677,2268,6161,2079,1921,2799,1983,1670,1167,2761,1789,1417,2009,2121,1149,816,2378,527,767,1233,4109,1111
France,2,8,109,129,143,3,17,156,79,846,732,696,1371,3602,6845,13106,14371,11613,7840,23970,20457,17968,22364,30267,30923,37646,62170,93313,35303,30637,25276,25672,12391,16645,13718,12568,9518
French Guiana,0,0,0,0,0,0,0,0,0,0,0,0,10,125,27,87,132,58,90,194,109,36,100,191,257,18,50,2991,144,167,180,257,29,12,78,132,0
French Polynesia,0,0,0,0,0,0,0,0,0,0,0,0,0,0,10,0,1,0,0,0,0,48,30,1,4,0,18,0,0,0,0,0,0,0,0,0,0
Gabon,0,0,0,0,0,0,0,0,4,5,0,0,0,0,0,23,148,31,8,62,12,24,0,0,358,0,296,0,0,0,2,0,0,0,0,0,0
Gambia,0,0,0,3,0,16,0,0,343,0,0,0,67,3,48,59,9,0,152,0,0,134,176,0,195,53,56,0,0,0,0,127,0,51,0,0,0
Georgia,0,0,18,5,2,4,2,0,0,1,0,3,1,2,0,9,33,0,38,72,58,94,188,292,341,391,220,0,61,122,64,174,121,82,77,88,209
Germany,1,1,39,66,123,60,77,65,53,151,167,1098,2668,1287,33083,37989,44140,15879,10471,12972,47352,27646,26681,68984,48090,54163,72613,78331,65896,31124,37808,54110,20938,24123,16452,31862,13450
Ghana,0,0,0,15,0,0,0,38,0,0,17,0,44,121,173,0,82,208,250,171,307,218,72,661,1,736,0,310,161,260,114,81,138,89,172,308,2
Gibraltar,0,0,0,0,0,0,0,0,12,0,229,152,84,0,285,0,0,0,0,666,414,0,0,1187,0,0,0,0,0,0,0,0,0,0,0,0,0
Greece,0,0,3,35,66,10,20,0,0,0,0,1,8,10,180,509,3314,3943,175,977,262,1159,810,1347,618,806,2348,188,858,92,1414,1093,889,1174,670,563,4122
Grenada,0,0,0,0,0,0,0,0,0,0,0,0,0,0,0,0,5,2,1,4,0,0,0,32,14,0,0,0,0,0,0,0,0,0,0,1,0
Guadeloupe,0,0,0,0,0,0,0,0,0,0,26,0,0,25,38,15,7,42,29,124,259,35,18,2,51,110,121,1266,75,54,7,67,2,9,24,27,4
Guam,0,0,0,0,4,0,0,0,0,0,0,0,0,0,26,4,27,17,28,73,69,9,71,73,71,84,58,70,50,28,53,10,40,43,10,10,0
Guatemala,0,0,0,0,0,0,0,10,0,0,0,0,22,0,0,8,1,0,269,199,217,126,180,428,72,43,239,0,66,324,72,199,66,93,339,674,368
Guinea,0,0,0,0,0,0,0,0,0,0,0,0,6,2,0,32,174,0,13,1,99,0,0,0,0,241,11,78,0,0,0,170,43,45,0,0,21
Guinea-Bissau,0,0,0,0,0,0,0,0,0,0,0,0,0,0,0,0,48,0,0,0,0,0,64,0,0,1,0,0,0,0,0,0,0,0,0,0,0
Guyana,0,0,0,0,0,0,0,0,0,0,0,0,0,0,0,0,10,1,0,0,0,0,49,0,3,2,1,79,0,0,0,0,0,0,0,0,2
Haiti,0,0,0,0,0,0,0,0,0,0,0,0,0,0,0,0,31,48,0,0,16,0,0,0,0,0,91,0,0,0,0,195,57,100,0,0,102
Honduras,0,0,0,0,0,0,0,0,0,0,0,0,0,0,0,0,29,37,0,6,44,0,0,0,0,115,0,0,0,0,0,0,0,2,0,0,0
Hong Kong,0,27,44,69,30,29,116,58,57,106,23,54,34,934,130,361,618,1175,798,47,71,270,86,128,123,673,604,2366,600,618,445,977,376,247,3315,1201,233
Hungary,0,0,3,0,29,28,1,0,24,0,0,188,5,105,23,30,0,0,0,0,0,0,0,0,0,113,0,0,0,0,0,0,8,0,36,49,1
Iceland,0,0,343,258,0,0,0,0,0,0,0,0,3694,0,0,951,0,0,0,0,4586,0,0,0,0,0,0,0,5,0,670,520,272,362,412,594,159
India,0,0,11,51,430,693,720,619,443,195,291,876,453,679,2586,2804,6597,14384,10038,6756,16864,7313,11986,16718,16061,24862,38239,15488,6241,8046,13200,21866,13133,8631,4616,2730,1741
Indonesia,0,0,4,2,13,7,0,8,37,43,6,20,198,130,434,316,603,727,1404,1885,1081,1542,802,2213,3430,5161,2485,1393,671,1292,3898,3922,2626,2187,3722,2702,1800
Iran,0,0,22,3,18,32,2,2,33,58,16,33,41,22,3,1,90,130,92,0,0,12,563,26,34,181,285,269,172,532,165,174,196,82,844,158,58
Iraq,0,0,0,0,0,0,0,47,0,2,0,3,31,0,48,65,3,36,8,3,28,1,21,1,111,51,1,460,168,0,19,0,204,0,8,31,8
Ireland,0,0,13,0,5,0,46,87,45,245,224,548,692,1469,3691,3669,3060,3529,4854,5416,5299,4625,4141,4807,5613,4518,5956,4839,4046,5648,5468,5354,3342,2480,3586,2258,2069
Israel,0,0,0,2,220,68,20,89,0,11,48,56,805,872,2032,3067,4571,400,2046,1454,352,4394,8604,7849,6527,7979,6799,15272,10597,14364,19989,11671,4842,3686,5625,1502,948
Italy,2,3,23,30,53,62,85,56,413,143,108,421,1631,4188,9065,8827,7489,5175,8551,9767,7823,6681,6940,12028,9844,7993,7549,6984,7115,4288,8342,6986,5627,4271,3836,6218,2736
Jamaica,0,0,0,0,8,0,0,0,0,0,0,0,5,0,0,0,0,16,0,138,10,55,77,65,184,125,229,392,170,83,403,157,343,0,0,0,0
Japan,1,9,77,18,30,36,461,0,14,163,108,8736,7403,351,4624,8746,19468,715,12799,12757,21469,61593,2649,23438,10718,12281,31633,23102,32017,19416,33107,41379,39278,25701,24944,32885,29083
Jordan,0,0,0,24,4,0,0,0,0,0,198,313,42,11,15,0,23,35,20,4,95,133,252,97,42,80,66,17,32,30,1,5,10,0,0,0,0
Kazakhstan,0,0,0,0,53,0,0,3,0,0,0,0,0,0,68,49,97,65,14,9,75,109,0,96,24,0,0,0,0,284,554,0,0,0,267,0,0
Kenya,0,0,0,0,0,112,0,0,0,178,0,0,225,172,5,176,12,589,914,2,1043,295,1039,730,337,1127,1524,722,548,640,671,214,10,354,201,134,52
Kiribati,0,0,0,0,0,0,0,0,0,0,0,0,0,0,0,0,0,0,0,0,0,0,0,0,0,0,0,0,0,30,0,107,0,0,0,0,0
Kosovo,0,0,0,0,0,0,0,0,4,1,3,0,1,21,0,0,0,0,21,28,402,348,63,95,35,11,86,175,80,78,0,93,0,165,0,0,0
Kuwait,0,0,4,4,0,0,0,0,0,0,0,3,16,0,5,0,0,32,132,35,44,48,31,39,209,0,58,19,0,146,70,30,34,61,64,99,75
Kyrgyzstan,0,0,0,0,0,0,0,0,0,0,0,0,0,0,0,0,0,0,0,0,0,0,20,0,100,2,0,0,1,147,69,0,0,0,0,0,0
Laos,0,0,0,0,0,0,0,0,0,0,0,0,0,0,0,0,0,0,0,23,0,0,0,0,18,0,0,6,96,172,145,35,23,0,80,338,0
Latvia,0,0,0,10,15,0,64,22,24,0,64,0,34,83,1020,1482,553,0,2193,0,115,0,2,961,1908,5047,0,23,0,61,4805,0,0,0,0,0,0
Lebanon,0,0,0,0,11,0,4,0,0,0,4,0,4,25,2,0,17,0,28,926,0,0,60,4,113,1,295,0,45,190,601,251,0,0,0,0,217
Lesotho,0,0,0,0,0,0,0,0,0,0,0,0,0,0,18,0,0,0,0,0,0,0,0,5,0,0,0,0,166,30,0,0,33,0,19,0,0
Liberia,0,0,0,0,0,0,0,0,0,0,0,0,0,0,0,0,0,0,0,44,33,0,0,0,0,0,0,33,0,0,0,0,0,0,0,0,0
Libya,0,0,0,0,0,0,0,0,10,0,0,0,0,0,0,3,0,0,12,0,0,0,0,1,33,0,0,0,0,4,9,22,0,0,0,0,0
Liechtenstein,0,0,0,0,0,0,0,0,0,0,0,0,3,13,23,4,3,7,5,50,4,21,61,276,174,21,407,214,103,53,3,165,92,62,93,69,31
Lithuania,0,0,1,0,2,0,0,0,47,41,69,0,98,776,1490,3924,3730,3370,367,2421,2754,2308,1650,2768,4798,2996,2588,3066,1270,0,0,0,0,10,0,375,152
Luxembourg,0,0,10,223,24,14,0,0,0,0,0,1747,307,900,1384,1335,1827,1362,3039,618,0,2858,1930,1708,3554,2658,2,2,10058,1272,3872,3261,1496,2945,2154,488,1624
Macao,0,0,0,0,0,0,0,0,0,0,0,0,0,0,0,0,0,0,0,0,0,0,0,0,0,1,0,0,0,0,0,0,0,0,0,0,0
Madagascar,0,0,0,0,0,0,0,4,0,0,1,3,0,0,0,116,0,0,0,379,221,0,0,67,3,0,0,0,0,0,86,0,0,0,0,0,0
Malawi,0,0,0,0,0,0,0,0,0,0,0,0,0,0,159,0,0,210,0,142,33,42,30,207,150,0,203,27,0,0,1,0,58,0,0,0,117
Malaysia,0,3,10,6,2,9,76,5,7,5,2,170,26,70,85,103,168,585,217,356,1122,1289,1346,1799,1268,786,2303,4158,2899,1995,1466,3228,2728,1867,2451,2502,981
Maldives,0,0,0,0,0,0,0,0,0,0,0,0,0,0,0,0,0,0,0,104,158,100,307,149,199,142,85,0,50,0,0,0,0,0,0,0,0
Mali,0,0,0,0,0,0,21,0,0,0,0,1,2,0,0,0,0,12,0,0,35,1,0,0,1,1,0,0,0,0,0,0,99,48,0,0,0
Malta,0,0,0,0,0,0,0,0,0,10,0,3,1,1,0,0,189,31,64,0,0,0,0,352,238,47,0,0,0,0,0,0,0,0,0,0,0
Marshall Islands,0,0,0,0,0,0,0,0,0,0,0,0,0,0,0,0,0,0,0,0,0,0,0,0,0,0,0,0,3,0,9,11,0,1,2,0,0
Martinique,0,0,0,0,0,0,0,0,0,0,0,0,0,0,23,0,3,12,72,195,200,79,129,185,92,109,697,1149,228,201,103,147,28,17,45,70,50
Mauritania,0,0,0,0,0,0,0,0,0,0,0,0,0,0,0,0,0,0,0,0,0,0,0,0,0,0,51,0,0,0,7,0,0,0,0,0,0
Mauritius,0,0,0,0,0,0,0,0,0,0,0,0,0,0,12,0,102,50,28,57,22,19,96,87,275,180,331,306,685,325,526,695,765,251,369,391,549
Mayotte,0,0,0,0,0,0,0,0,0,0,0,0,73,477,171,0,11,5,1,13,9,5,52,19,76,54,42,17,3,21,76,55,41,6,0,32,0
Mexico,0,0,1,16,12,0,81,40,0,23,135,44,273,825,2866,2437,2900,3820,5522,4891,5776,4005,5406,4383,5533,5769,3161,1258,1462,3458,5362,5309,2059,1731,1784,1237,536
Micronesia,0,0,0,0,0,0,0,0,0,0,0,0,0,0,0,0,0,0,0,0,0,0,0,0,0,0,0,0,0,0,2,15,0,8,20,0,6
Moldova,0,0,0,0,0,0,0,9,0,0,0,0,0,0,3,0,0,0,24,16,15,0,0,93,32,33,246,70,0,64,0,36,16,0,0,96,60
Monaco,0,0,0,0,0,0,0,0,0,0,0,0,0,0,6,0,0,18,18,14,20,2,0,7,0,0,12,0,1,2,0,1,0,0,0,0,0
Mongolia,0,0,0,0,0,1,0,0,0,0,6,0,0,0,0,20,0,0,0,0,0,1,0,133,267,304,214,125,0,0,0,184,206,40,96,0,80
Montenegro,0,0,0,0,0,0,0,12,0,0,0,0,0,19,0,0,0,0,0,138,48,50,0,189,85,94,0,117,0,0,0,89,77,0,0,0,0
Montserrat,0,0,0,0,0,0,0,0,0,0,0,0,0,0,0,0,0,2,0,1,1,1,5,2,2,4,0,1,0,9,0,0,0,0,0,0,0
Morocco,0,0,0,0,1,38,9,0,0,0,0,41,32,23,20,12,136,1,43,9,49,98,48,39,52,76,61,0,47,167,55,0,128,386,160,65,26
Mozambique,0,0,0,0,0,0,0,0,0,0,7,0,88,31,27,0,0,325,0,102,0,66,243,44,65,59,96,11,0,0,36,116,0,22,20,55,0
Myanmar,0,0,0,0,1,0,0,1,0,0,0,0,39,0,0,0,0,11,0,23,0,15,0,16,9,0,23,0,0,0,0,12,0,0,16,0,0
Namibia,0,0,0,0,0,0,0,0,0,0,0,0,0,0,57,0,0,0,174,0,51,69,38,50,0,171,39,0,967,0,81,147,0,0,16,0,11
Nepal,0,1,0,0,0,0,0,0,0,0,0,15,0,0,2,0,33,83,0,51,48,55,0,106,670,593,266,56,305,908,66,107,48,96,30,0,0
Netherlands,0,0,190,396,254,763,2,822,150,340,573,1097,2829,3364,6871,9160,8407,6182,6825,8074,6424,5274,6853,11361,8861,8034,7914,6381,6100,3465,5648,4026,4861,4754,4137,4891,3153
New Caledonia,0,0,0,0,0,0,0,0,0,0,0,0,0,0,0,0,0,0,0,0,0,0,0,0,0,0,9,0,0,0,0,0,0,0,0,53,0
New Zealand,0,0,7,0,0,251,1,0,184,463,99,42,68,54,46,55,32,22,34,546,649,631,1514,1089,1240,1208,1384,652,2567,2307,1803,4681,0,3006,3465,520,2479
Nicaragua,0,0,0,0,0,0,0,0,0,0,0,0,0,0,0,0,0,0,0,0,0,0,0,0,516,48,0,0,0,0,2,1,2,298,0,0,0
Niger,0,0,0,0,0,0,0,0,0,0,0,0,0,0,0,0,85,0,18,45,0,0,63,0,0,10,44,2,24,59,0,0,0,0,0,0,0
Nigeria,0,0,1,1,17,1,22,0,45,0,0,134,69,196,109,67,127,91,55,149,1526,275,386,639,125,1068,833,99,469,245,231,239,157,172,3,142,269
North Macedonia,0,0,0,0,0,0,12,20,0,0,0,48,5,194,120,48,78,58,72,47,0,0,48,0,1,80,6,0,43,0,48,0,0,0,42,30,0
Northern Mariana Islands,0,0,0,0,0,0,0,0,0,0,0,0,0,0,53,9,0,1,1,70,36,12,40,20,541,137,230,1476,380,16,11,108,159,80,192,1,0
Norway,0,0,8,21,19,7,87,0,150,145,169,214,459,352,3091,3205,2175,2090,1844,1889,10590,3515,2839,5151,5152,6530,5335,4268,4956,2846,1883,1504,1704,685,608,768,303
Oman,0,0,0,0,0,49,112,42,0,0,0,0,2,0,0,41,0,5,195,20,382,35,0,54,15,36,0,30,0,0,0,16,0,0,0,66,0
Pakistan,0,0,1,1,2,9,3,1,5,0,1,4,45,23,43,63,140,109,13,450,195,303,154,113,83,113,265,644,133,208,467,424,1328,264,97,62,228
Palau,0,0,0,0,0,0,0,0,0,0,0,0,0,0,0,0,0,0,0,0,0,0,0,2,0,10,5,3,15,0,0,12,0,10,0,0,10
Palestine,0,0,0,0,0,0,0,0,0,69,2,6,2,6,13,15,19,0,0,0,0,0,0,0,0,572,8,1,0,0,0,48,0,0,0,0,0
Panama,0,0,1,0,0,0,313,0,0,0,0,0,0,3,254,325,0,0,0,0,0,366,0,1,0,0,0,2786,0,1060,0,589,114,298,56,360,8
Papua New Guinea,0,0,0,0,0,0,0,0,0,0,0,13,0,0,53,359,42,0,88,8,0,438,1395,1209,0,0,880,124,0,0,0,0,0,0,0,0,335
Paraguay,0,0,0,0,0,0,0,0,0,0,0,0,0,0,15,45,35,64,6,63,170,0,0,489,19,309,0,57,0,643,189,0,161,571,60,0,0
Peru,0,0,1,0,0,0,33,35,177,51,0,58,86,72,462,252,0,207,843,1683,2567,2683,1438,1872,2293,1896,2220,917,950,2538,2610,3556,3212,2340,3956,2435,2083
Philippines,0,4,0,13,0,0,10,11,0,0,1,0,12,63,85,0,4107,12,1023,0,80,7272,95,14,1208,259,430,199,527,5255,497,633,591,90,2318,837,359
Poland,0,0,1,14,64,1,10,25,0,2,110,123,123,532,2473,4158,5555,3634,643,818,2683,4025,6413,8240,12875,19957,7479,1819,1555,246,612,1757,1637,1065,497,346,267
Portugal,0,0,44,46,540,3,124,883,0,10,2,575,185,772,2207,913,2061,1522,2780,2654,2212,1953,2550,2396,2283,2173,1963,2230,2763,1741,2017,1274,1099,1030,512,850,239
Puerto Rico,0,0,0,13,1,0,0,2,25,8,0,0,14,167,78,370,458,283,232,634,883,551,831,668,1105,1037,1370,430,114,1248,1246,1361,1503,1432,386,273,787
Qatar,0,0,0,16,0,0,0,0,0,0,0,0,0,0,0,2097,185,197,467,0,4,360,801,288,278,212,6,5,2,39,0,116,28,4,454,602,0
Republic of the Congo,0,0,0,0,0,0,0,0,0,11,0,0,0,86,0,18,58,0,101,7,14,45,41,126,17,75,10,0,0,6,10,0,0,7,0,77,0
Reunion,0,0,0,0,0,0,0,4,0,0,0,0,0,0,40,812,201,245,1113,234,751,98,1112,493,79,5569,672,1153,1134,0,2196,233,619,0,1031,0,1
Romania,0,0,0,0,14,38,60,0,0,0,1,36,42,55,267,110,272,133,255,221,750,2318,3152,940,1290,1549,1249,996,709,595,462,609,880,1673,260,85,51
Russia,0,0,1,210,65,22,16,155,24,415,111,639,247,208,262,670,1103,1247,1326,72,1648,787,1689,1387,2619,186,1363,917,1791,421,270,3263,6744,5187,24450,5451,56
Rwanda,0,0,0,0,0,0,0,0,0,0,12,24,0,168,81,3,40,27,130,0,62,151,10,0,0,111,0,77,21,0,0,0,0,0,0,0,0
Saint Barthelemy,0,0,0,0,0,0,0,0,0,0,2,0,0,0,0,0,0,0,0,0,3,4,5,0,0,0,0,0,0,0,0,0,0,0,0,0,0
Saint Kitts and Nevis,0,0,0,0,0,0,0,0,0,0,0,0,3,0,0,0,0,10,0,0,0,0,0,18,43,0,0,0,0,0,0,0,0,0,0,2,0
Saint Lucia,0,0,0,0,0,0,0,0,0,0,0,0,4,6,0,0,0,15,8,10,0,0,3,44,45,7,0,3,1,18,20,16,19,20,0,36,0
Saint Martin,0,0,0,0,0,0,0,0,0,0,10,0,0,0,0,0,0,0,0,0,0,0,0,12,52,142,29,21,34,14,8,10,2,1,2,0,0
Saint Vincent and the Grenadines,0,0,0,0,0,0,0,0,0,0,0,0,1,0,0,0,0,12,0,1,1,0,8,51,126,17,0,0,0,0,0,5,0,0,0,11,9
Sao Tome and Principe,0,0,0,0,0,0,0,0,0,0,0,0,0,0,0,0,0,0,0,0,0,0,0,0,0,11,0,0,0,0,0,0,0,0,0,0,0
Saudi Arabia,0,0,4,0,110,12,45,420,0,0,10,381,0,0,0,0,4,0,0,158,5,0,68,44,37,1,0,0,0,97,0,0,0,115,533,15,1
Senegal,0,0,12,11,0,41,77,0,0,0,0,0,0,1,134,31,163,7,100,0,39,76,43,85,2850,62,66,38,28,130,66,1840,0,73,0,0,0
Serbia,0,0,0,1,8,5,1,7,10,10,38,38,35,68,0,35,0,0,5,33,36,1,131,106,91,69,21,38,126,289,182,287,29,240,3,270,0
Seychelles,0,0,0,0,0,0,0,0,0,0,0,0,0,0,0,0,0,0,0,0,0,259,284,0,207,0,360,40,205,58,0,0,0,71,65,0,0
Sierra Leone,0,0,0,0,0,0,0,11,0,0,0,0,0,0,0,0,4,23,30,33,3,20,0,2,0,0,0,0,0,0,0,0,0,0,0,0,0
Singapore,0,11,3,60,85,380,232,104,161,114,345,83,153,116,74,419,236,726,996,1763,1582,1328,1181,1037,1410,915,1245,1272,1167,1684,1616,1867,1061,2100,1348,1650,923
Sint Eustatius,0,0,0,0,0,0,0,0,0,0,4,0,0,0,0,0,0,0,0,0,0,0,0,0,0,0,0,0,0,0,0,0,0,0,0,0,0
Sint Maarten,0,0,0,0,0,0,0,0,0,0,0,0,0,30,0,92,58,206,104,361,644,169,85,49,285,124,65,54,131,44,40,82,19,7,14,10,18
Slovakia,0,0,4,0,0,0,0,2,0,19,0,12,85,52,398,1707,223,1678,773,649,1405,2660,3949,4059,1356,2105,8192,4735,2657,604,1314,3247,1072,1120,339,342,273
Slovenia,0,0,0,4,1,0,0,0,0,0,103,0,56,1110,3495,3294,3773,2280,2671,3083,2320,9686,2095,10662,4592,7386,6750,3804,903,2460,1172,1346,2354,2167,498,2571,1726
Solomon Islands,0,0,0,0,0,0,0,0,0,0,0,0,0,0,0,0,0,0,0,0,0,6,0,0,0,0,34,68,130,8,0,0,0,0,0,112,0
Somalia,0,0,0,0,0,0,0,0,0,0,0,0,0,0,0,0,26,2,5,0,4,0,0,0,0,0,0,0,0,0,0,10,0,0,0,0,0
South Africa,0,0,1,6,13,155,297,673,260,316,590,567,181,766,725,761,1757,3264,2496,3919,2311,2916,1925,2478,2557,2994,3943,2670,2615,1574,1314,1474,480,1113,711,1041,656
South Korea,0,7,6,22,0,21,125,600,64,0,2,212,573,709,496,1699,1679,2363,2078,1936,1687,2675,3666,8933,4895,3239,3054,3472,12295,7197,4734,9878,8250,8365,6891,8495,5395
South Sudan,0,0,0,0,0,0,0,0,0,0,0,0,0,0,0,0,0,45,15,28,1,0,0,0,0,0,85,0,0,0,0,0,0,0,0,0,0
Spain,0,0,42,151,764,764,468,570,1467,223,722,414,1817,2573,6132,6119,8144,7001,10460,8719,11218,5181,5675,5669,14031,7740,11700,7816,6698,8382,5756,8417,4836,6618,16846,15133,5474
Sri Lanka,0,0,0,4,2,0,0,8,0,13,0,9,24,0,101,147,80,97,300,289,300,262,246,349,666,366,159,50,0,16,25,102,13,0,18,0,8
Sudan,0,0,0,0,0,0,0,0,0,0,0,0,0,0,0,0,0,0,0,0,0,116,0,0,0,88,0,0,0,0,0,235,0,0,0,0,0
Suriname,0,0,0,0,0,0,0,71,0,0,0,0,0,0,0,72,0,203,0,231,50,177,0,135,42,46,39,0,0,58,0,0,0,0,0,0,0
Sweden,0,1,0,73,182,245,0,69,80,53,267,92,297,1013,9445,17821,25178,13446,9025,17479,10586,8143,17993,7549,4917,6538,27879,12873,2245,3768,2523,9044,7122,5140,4284,6589,3366
Switzerland,0,0,49,24,249,245,774,417,1593,1331,490,1754,3114,6544,9901,9183,7788,4198,2279,8355,12391,8598,13812,11345,13733,10682,8965,3922,1605,2433,2135,2654,2279,2522,2182,2358,1474
Syria,0,0,0,0,0,0,0,0,0,0,0,0,0,0,0,0,0,0,0,0,0,0,0,21,0,33,35,0,0,0,0,0,17,0,0,0,0
Taiwan,1,5,12,51,36,8,12,0,1,0,4,11,10,23,1,5,14,25,20,0,7,14,3,4,7,1,46,9,23,38,139,1976,19,8,39,67,43
Tanzania,0,0,0,0,0,0,0,0,0,0,0,0,0,0,0,0,0,0,0,0,0,0,0,0,2,1,0,8,0,0,0,0,0,0,0,27,0
Thailand,2,0,0,29,294,65,15,46,0,7,1,137,101,117,95,108,388,478,147,955,1187,2383,2395,2267,3291,2688,3052,2803,2334,1144,2012,1498,721,1168,921,2803,896
The Bahamas,0,0,0,0,0,0,0,0,0,0,0,0,0,0,28,0,0,0,33,0,72,0,0,0,0,0,0,130,0,0,0,0,0,0,2,0,0
Timor-Leste,0,0,0,0,0,17,2,0,0,0,0,0,0,0,0,0,0,0,0,0,0,337,0,0,0,1,0,0,0,0,0,0,0,0,0,0,0
Togo,0,0,0,0,0,0,0,0,0,0,0,0,0,4,12,107,21,0,0,0,218,0,0,0,0,0,0,0,453,0,0,0,0,0,35,79,0
Trinidad and Tobago,0,0,0,0,0,0,0,0,0,0,0,8,9,0,0,38,8,422,0,66,59,7,204,619,783,128,29,372,106,156,210,479,259,154,67,173,92
Tunisia,0,0,0,6,6,2,0,0,0,0,11,30,29,0,16,0,20,0,12,0,0,0,0,7,177,413,419,104,0,0,0,0,110,87,0,244,35
Turkey,0,0,1,29,33,9,116,6,0,0,7,145,150,815,1916,553,868,621,2420,50198,5540,3918,4738,6850,3839,4053,2039,1844,397,1971,1568,1387,1624,575,2108,26,1099
Turks and Caicos Islands,0,0,0,0,0,0,0,0,0,0,0,0,0,0,0,0,0,10,0,6,0,0,0,0,39,0,0,0,17,0,0,0,0,0,0,0,0
U.S. Virgin Islands,0,0,0,0,20,1,0,0,0,0,0,0,0,1,0,4,0,20,82,135,185,162,122,114,338,454,110,9,95,145,157,74,85,0,0,0,0
USA,5,13,737,2848,3926,3149,5338,4763,8801,8316,5935,13791,32629,51872,83265,138367,154009,72415,88410,193880,276160,322660,302066,349022,351741,332109,257639,160893,192224,186626,191704,187453,153564,104688,94387,106708,53856
Uganda,0,0,0,0,20,0,0,0,0,0,0,113,0,75,0,148,75,68,101,29,83,0,108,1,139,27,0,3,0,129,202,0,2,20,127,0,23
Ukraine,0,0,0,0,0,0,0,49,0,9,3,0,0,6,72,33,0,0,10,69,70,27,131,57,22,155,8,23,39,26,93,200,190,69,0,0,182
United Arab Emirates,0,0,0,0,18,7,0,84,43,86,0,1067,533,1,2,0,0,1,2,0,26,752,4,0,1,0,0,0,0,0,1,0,0,0,0,0,0
United Kingdom,0,3,423,5262,10255,11614,7203,1471,17826,20980,36562,28834,52419,69411,78878,54009,41036,91226,105486,148423,174654,168597,206984,278528,299367,358426,326489,148648,58670,26884,51832,34320,14251,25418,18490,18561,21280
Uruguay,0,0,0,10,1,34,28,0,1,0,7,54,0,0,0,0,59,361,185,0,0,0,0,3,0,0,0,134,62,7,0,0,0,0,0,0,118
Uzbekistan,0,0,0,0,2,0,0,0,0,0,0,0,0,0,6,20,0,0,6,56,0,0,0,0,0,0,0,0,0,0,0,0,0,0,42,0,0
Vanuatu,0,0,0,0,0,0,0,0,0,0,0,0,0,0,0,0,0,0,0,0,0,2,0,0,0,0,0,0,0,0,0,0,0,0,102,0,0
Venezuela,0,0,0,0,0,3,0,0,9,0,0,0,0,0,0,102,15,20,0,22,1,0,0,58,17,132,87,0,94,0,33,0,225,0,0,92,123
Vietnam,0,1,7,0,20,25,26,8,0,0,27,0,28,9,6,0,1,89,41,75,142,298,889,516,241,629,769,865,402,266,317,474,415,611,436,335,396
Wallis and Futuna Islands,0,0,0,0,0,0,0,0,0,0,0,0,0,0,0,0,0,10,0,0,0,0,0,0,0,0,0,0,0,0,0,0,0,0,0,0,0
Zambia,0,0,0,0,0,0,1,0,0,0,0,0,1,219,0,0,0,38,433,0,278,0,101,69,1,309,5,37,147,109,63,33,0,4,0,0,48
Zimbabwe,0,0,0,0,0,0,0,0,0,0,100,0,0,0,301,0,0,160,0,98,0,0,51,0,219,4,0,0,0,0,0,0,29,0,0,0,0
